alpha,r2_train,r2_val,diferencia
0.01,0.344961,0.309009,0.035951
0.10,0.345220,0.307307,0.037913
0.50,0.292839,0.226732,0.066107
1.00,0.285800,0.211424,0.074377
